{
  "franka": {
    "pos": [-0.5764, 0.0104, 0.0],
    "rot": [1.0, 0.0, 0.0, 0.0],
    "dof_pos": {
      "panda_joint1": -0.0223,
      "panda_joint2": -0.1565,
      "panda_joint3": -0.0103,
      "panda_joint4": -2.4565,
      "panda_joint5": 0.0253,
      "panda_joint6": 2.214,
      "panda_joint7": 0.7606,
      "panda_finger_joint1": 0.02083,
      "panda_finger_joint2": 0.02083
    }
  }
}
