{
    "franka": [
        {
            "init_state": {
                "cabinet": {
                    "pos": [0.45, 0, 0.5],
                    "rot": [1 ,0, 0, 0],
                    "dof_pos": {
                        "joint_0": 0.0,
                        "joint_1": 0.0,
                        "joint_2": 0.0
                    }
                },
                "franka": {
                    "pos": [-0.2677, 0, 0.0003],
                    "rot": [0.99961, 0.00022156, 0.0028197, -0.0061979],
                    "dof_pos": {
                        "panda_joint1": 0,
                        "panda_joint2": 0,
                        "panda_joint3": 0,
                        "panda_joint4": 0,
                        "panda_joint5": 0,
                        "panda_joint6": 0,
                        "panda_joint7": 0.7853957414627075,
                        "panda_finger_joint1": 0.0399974063038826,
                        "panda_finger_joint2": 0.04000125825405121
                    }
                }
            },
            "actions": [],
            "states": [],
            "extra": null
        }
    ]
}
