{
    "fetch": [
        {
            "init_state": {
                "box_base": {
                    "pos": [0.2565, 0.1985, 0.0747],
                    "rot": [0.7070, 0.0125, -0.7070, 0.0125],
                    "dof_pos": {"box_joint": 2.3649210929870605}
                },
                "fetch": {
                    "pos": [-0.2677, -0.0053, 0.0001],
                    "rot": [9.9961e-01, 2.2156e-04, 2.8197e-03, -6.1979e-03],
                    "dof_pos": {
                        "l_wheel_joint": 4.04899882e-01,
                        "r_wheel_joint": 4.80000000e-01,
                        "torso_lift_joint": 2.96502492e-07,
                        "head_pan_joint": 1.25575838e-03,
                        "head_tilt_joint": 1.80409533e-10,
                        "shoulder_pan_joint": 6.00288349e-02,
                        "shoulder_lift_joint": 9.95180437e-03,
                        "upperarm_roll_joint": -8.25638866e-01,
                        "elbow_flex_joint": -3.62499163e-03,
                        "forearm_roll_joint": 1.44389366e+00,
                        "wrist_flex_joint": 3.05941638e-03,
                        "wrist_roll_joint": 9.53219673e-01,
                        "l_gripper_finger_joint": 5.51954430e-03,
                        "r_gripper_finger_joint": 3.90054728e-04
                    }
                }
            },
            "actions": [],
            "states": [],
            "extra": null
        }
    ]
}
